{
  "n_states": 2,
  "n_features": 3,
  "startprob": [
    3.270742003412109e-16,
    0.9999999999999997
  ],
  "transmat": [
    [
      0.9951884364553379,
      0.00481156354466209
    ],
    [
      0.007891909066415384,
      0.9921080909335845
    ]
  ],
  "means": [
    [
      6.807380224536686e-07,
      -0.5505224059776321,
      0.011430538971487629
    ],
    [
      -5.069154721344722e-06,
      0.8340946416819067,
      -0.008053344722291682
    ]
  ],
  "covars": [
    [
      0.00010010208339294572,
      0.0844557048072244,
      0.09907867492175605
    ],
    [
      0.00010072864341531902,
      0.7119509192313015,
      0.10811259159553432
    ]
  ]
}