{
  "n_states": 2,
  "n_features": 3,
  "startprob": [
    1.0,
    5.5261110379234856e-21
  ],
  "transmat": [
    [
      0.9953242589167872,
      0.004675741083212776
    ],
    [
      0.008008252018239598,
      0.9919917479817605
    ]
  ],
  "means": [
    [
      1.3698321351557507e-07,
      -0.5429432348869315,
      0.013026143541779764
    ],
    [
      -3.818410621094657e-06,
      0.860749107427582,
      -0.006210614928911913
    ]
  ],
  "covars": [
    [
      0.00010010323261938757,
      0.08743293875500048,
      0.09971652754562517
    ],
    [
      0.00010074914595417986,
      0.7129598198065217,
      0.10767203728268995
    ]
  ]
}